{
	"count": {
    "type": "slider",
    "text": "Count",
    "min": 1000,
    "max": 14000,
    "tick": 1000,
    "step": 100,
    "value": 6000
  },
	"size": {
    "type": "slider",
    "text": "Size",
    "min": 0,
    "max": 7,
    "tick": 1,
    "step": 0.1,
    "value": 2
  },
	"speed": {
    "type": "slider",
    "text": "Speed",
    "min": 1,
    "max": 7,
    "tick": 1,
    "step": 0.1,
    "value": 3
  },
	"maxAge": {
    "type": "slider",
    "text": "Max Age",
    "min": 12,
    "max": 3000,
    "tick": 100,
    "step": 12,
    "value": 96
  },
	"res": {
    "type": "slider",
    "text": "Noise field resolution",
    "min": 1,
    "max": 16,
    "tick": 1,
    "step": 0.1,
    "value": 4
  },
	"color": {
    "type": "color",
    "text": "Color",
    "value": "#FF0F7F"
  },
	"rainbow": {
    "type": "checkbox",
    "value": false,
    "text": "Rainbow Mode (ignores Color)"
  },
	"frozen": {
    "type": "checkbox",
    "value": false,
    "text": "Freeze noise field"
  },
	"showfr": {
    "type": "checkbox",
    "value": false,
    "text": "Show Framerate (max is 12)"
  },
	"refresh": {
		"type": "button",
		"text": "",
		"value": "Refresh"
	}
}